bridgeless,bridges,connected,cubic,cycle_rank,edges,elapsed_seconds,gram_rank,graph_sha256,max_conservation_residual,max_unit_norm_residual,method,name,simple,solver_cost,solver_nfev,three_edge_coloring_search_nodes,three_edge_coloring_status,valid_s2_certificate,vertices
True,[],True,True,6,15,0.010321451999971032,3,04880e95a8ddc143fa98c4eeb7383367a8007e69f2688a06e7b5e20a57a598d4,6.938893903907228e-16,3.974591544775308e-09,cycle_space_nonlinear_least_squares,petersen,True,1.5200285276585074e-16,33,31,not_colourable,True,10
True,[],True,True,3,6,0.00031482700001106423,3,d65ffb1d8d01ba8a6be14162941989d6f211d5c778d7f4fe75935f77dd1cadbe,0.0,1.1102230246251565e-16,exact_three_edge_colouring_construction,k4,True,,,3,colourable,True,4
True,[],True,True,4,9,0.00029210600007445464,2,aa88b8b77b70955cf2ab65ef282bddcbfc7854127defb792b40b46cd46c95877,0.0,1.1102230246251565e-16,exact_three_edge_colouring_construction,k33,True,,,4,colourable,True,6
True,[],True,True,8,21,0.00046468799996546295,2,d48a3ea8352c76db551d17bdb57f04856c02770f77806ba77c4d721dae53cf79,0.0,1.1102230246251565e-16,exact_three_edge_colouring_construction,heawood,True,,,13,colourable,True,14
True,[],True,True,11,30,0.0006466400000135764,3,df10052352918c23dc5448d36c9091bf68372a4784e1eb4b6f2e7e34c8336381,0.0,1.1102230246251565e-16,exact_three_edge_colouring_construction,desargues,True,,,16,colourable,True,20
True,[],True,True,11,30,0.04478138100000706,3,521b17aa82a96f43175279e54bbc57d916005dc8adf2fc66d085b60c6109f289,1.1102230246251565e-15,9.275135326447526e-09,cycle_space_nonlinear_least_squares,flower_J5,True,1.603315461333451e-15,39,335,not_colourable,True,20
True,[],True,True,15,42,0.47290387099997133,3,e85a65b74ece9a0d2d747da7d672b17c487ed992c8554e603bab3bf94a239ffd,1.1102230246251565e-15,1.243621139401796e-08,cycle_space_nonlinear_least_squares,flower_J7,True,2.0077378705416813e-15,31,1455,not_colourable,True,28
True,[],True,True,19,54,7.698915857999964,3,f3db00b004a8368852efd330f03cebdff63b3a0e08cf3e19ed6339cf35d90a1d,1.7208456881689926e-15,7.794372636205082e-08,cycle_space_nonlinear_least_squares,flower_J9,True,8.702577848564183e-14,42,5935,not_colourable,True,36
True,[],True,True,23,66,5.196823842000072,3,8e8690ce6f661295a92615947a911fb9811b10d6553e3974ccc1aef0aa99c26f,1.9984014443252818e-15,4.805847142463904e-08,cycle_space_nonlinear_least_squares,flower_J11,True,4.893451432175883e-14,40,23855,not_colourable,True,44
True,[],True,True,27,78,8.706129056999998,3,1fe30935bc6e8aaae410ea4456e1cf95bd9c7e6384042ffa03d2d07e16252dbe,2.1649348980190553e-15,2.086976169657362e-08,cycle_space_nonlinear_least_squares,flower_J13,True,8.908288088131713e-15,44,95535,not_colourable,True,52
True,[],True,True,6,15,0.10512519200005954,3,40fa3598debbd7b2292c646dbea56de7caca86b406d3f5e2f485f1e19f7ebe3e,6.661338147750939e-16,7.100461330011854e-10,cycle_space_nonlinear_least_squares,generalized_petersen_5_2,True,4.9679508241205316e-18,33,31,not_colourable,True,10
True,[],True,True,8,21,0.0007102199999735603,3,1f97f6722ed7ea095f7661596bfefb11a1a31a71385e304af0dabcf19ae701fc,0.0,1.1102230246251565e-16,exact_three_edge_colouring_construction,generalized_petersen_7_2,True,,,11,colourable,True,14
True,[],True,True,9,24,0.0005881450000515542,3,fb47ed254e532856fad294a186d30bab6e3aa8f585185f8bcc4208450e3dc7d9,0.0,1.1102230246251565e-16,exact_three_edge_colouring_construction,generalized_petersen_8_3,True,,,9,colourable,True,16
True,[],True,True,10,27,0.0015244730000176787,3,4f23f2e76c7dad09b8867d212bf0bd01cdbc688e024b3dd1cb8ee897d6aa1382,0.0,1.1102230246251565e-16,exact_three_edge_colouring_construction,generalized_petersen_9_2,True,,,74,colourable,True,18
True,[],True,True,11,30,0.0006132359999355685,3,1653ed8736978edf4a06434139a1e0a4b1bf659c8b604a8634855db4c5d4790d,0.0,1.1102230246251565e-16,exact_three_edge_colouring_construction,generalized_petersen_10_2,True,,,11,colourable,True,20
True,[],True,True,11,30,0.0006025679999765998,3,4be20a6ed4df96dc3adb1d5977f0a649aee2d76b5ee9f59236cf2f78ff0b1cf0,0.0,1.1102230246251565e-16,exact_three_edge_colouring_construction,generalized_petersen_10_3,True,,,11,colourable,True,20
True,[],True,True,13,36,0.0007968490000394013,3,c5010f474bf6ce4ded759b79d30a85b99a2d8bbfa4804fde215ec1e99483f4f2,0.0,1.1102230246251565e-16,exact_three_edge_colouring_construction,generalized_petersen_12_5,True,,,13,colourable,True,24
True,[],True,True,16,45,0.0011414690000037808,3,62bbe09db76f7fcb6a6a15bd12f0de9a29355b96f703fcabceb706cbd38dfc3b,0.0,1.1102230246251565e-16,exact_three_edge_colouring_construction,generalized_petersen_15_4,True,,,29,colourable,True,30
True,[],True,True,6,15,0.0003437619999431263,3,a61de8aec1cdd12905b8c4b301e67fcf6a37e5d586f095b2b74a253fea1973c3,0.0,1.1102230246251565e-16,exact_three_edge_colouring_construction,random_n10_seed4246334713,True,,,6,colourable,True,10
True,[],True,True,6,15,0.0004188130000102319,3,e54eac5b524653f09378bc93ed271ec54c2a9b0b326d810b8adb9152a3ffaf76,0.0,1.1102230246251565e-16,exact_three_edge_colouring_construction,random_n10_seed1409234739,True,,,6,colourable,True,10
True,[],True,True,6,15,0.0004168460000073537,3,5ed0c804812d31636c323c888d7b9492de4fc7877c52495bafc60ed117a1a458,0.0,1.1102230246251565e-16,exact_three_edge_colouring_construction,random_n10_seed264712783,True,,,9,colourable,True,10
True,[],True,True,6,15,0.0003972850000764083,3,b768889e3641dd650be20e4989af88cd631529b3c081f747e2172556de6c8ac2,0.0,1.1102230246251565e-16,exact_three_edge_colouring_construction,random_n10_seed3851204813,True,,,6,colourable,True,10
True,[],True,True,6,15,0.000505360000033761,3,bc5b5df0e0d44cc901ac3f75e681ba654cbabe6dad11d48a0d98338fa67dc1df,0.0,1.1102230246251565e-16,exact_three_edge_colouring_construction,random_n10_seed1626857644,True,,,9,colourable,True,10
True,[],True,True,6,15,0.00040604800005894504,3,64de776e85cb3b5de676a355119971c860e7077838f946b061c7b903882269bb,0.0,1.1102230246251565e-16,exact_three_edge_colouring_construction,random_n10_seed1094801211,True,,,6,colourable,True,10
True,[],True,True,6,15,0.00032665300000189745,3,5656efcfcb200fa51023a1d6d8e790763060aa7f8a8f76a48cba2507fef33a43,0.0,1.1102230246251565e-16,exact_three_edge_colouring_construction,random_n10_seed1562168113,True,,,6,colourable,True,10
True,[],True,True,6,15,0.00038751800002501113,3,71017b96a7678eb0be8a289f968f0e88e8f78b796e758835eca1c62278114722,0.0,1.1102230246251565e-16,exact_three_edge_colouring_construction,random_n10_seed3296643346,True,,,6,colourable,True,10
True,[],True,True,6,15,0.00043022099998779595,3,c339ac15cfdb55c2a1cf438e6384ad9996e7edc7a8481954e0eb7b4594e30b95,0.0,1.1102230246251565e-16,exact_three_edge_colouring_construction,random_n10_seed2463246403,True,,,6,colourable,True,10
True,[],True,True,6,15,0.00033618199995544273,3,b11e65f00e3cb0781c2c8f34e472d2449e76845f83ac23fdf7045c686b0225ec,0.0,1.1102230246251565e-16,exact_three_edge_colouring_construction,random_n10_seed278914652,True,,,8,colourable,True,10
True,[],True,True,6,15,0.0003254030000334751,3,c02458fe34cc6ec3e2cefee0443a5fdc241847dcce6b195a9b28d8b72cbf1ba1,0.0,1.1102230246251565e-16,exact_three_edge_colouring_construction,random_n10_seed3204599119,True,,,6,colourable,True,10
True,[],True,True,6,15,0.0003395439999849259,3,0f2424542ab43ba71254024d16959c2cb464fd473a4da3b284f63b7203e348e8,0.0,1.1102230246251565e-16,exact_three_edge_colouring_construction,random_n10_seed1494323942,True,,,6,colourable,True,10
True,[],True,True,6,15,0.00032316900001205795,3,ae7ab5e10c0896ff1c0e7b0341361c006ef45ac09b9248ca7c2907a72306dca6,0.0,1.1102230246251565e-16,exact_three_edge_colouring_construction,random_n10_seed214812011,True,,,6,colourable,True,10
True,[],True,True,6,15,0.0004513920000590588,3,6bce55e02e8036389d1fa09a652e040ab21719ec0d69a6185346ca2d4d7ff548,0.0,1.1102230246251565e-16,exact_three_edge_colouring_construction,random_n10_seed730912874,True,,,9,colourable,True,10
True,[],True,True,6,15,0.00038706899999851885,3,b43e3050834a8d8844544d0695ebca2b462e910bf1bee788646d5f83148f7b03,0.0,1.1102230246251565e-16,exact_three_edge_colouring_construction,random_n10_seed4018908335,True,,,6,colourable,True,10
True,[],True,True,6,15,0.00048047699999642646,3,c0349395eea81baf57be60888a6eb2577597d22b85f76b7f534e16432417bfea,0.0,1.1102230246251565e-16,exact_three_edge_colouring_construction,random_n10_seed4016226775,True,,,6,colourable,True,10
True,[],True,True,6,15,0.0004809040000282039,3,b9e68bacd76892bcb6c7b4ffcaea773c3c83cf3b197ca76d302534781345dc04,0.0,1.1102230246251565e-16,exact_three_edge_colouring_construction,random_n10_seed557270904,True,,,6,colourable,True,10
True,[],True,True,6,15,0.00042006299997865426,3,1c77ff380ddc8e16c88a52d71cfd4534e862eb5686427549034af20adbbdb9df,0.0,1.1102230246251565e-16,exact_three_edge_colouring_construction,random_n10_seed2277556887,True,,,6,colourable,True,10
True,[],True,True,6,15,0.0005860990000883248,3,3ff8420af3e5e8e7218339b282dd1eb03ec12aed393bbe1c3baa7e79973d3e61,0.0,1.1102230246251565e-16,exact_three_edge_colouring_construction,random_n10_seed163634818,True,,,6,colourable,True,10
True,[],True,True,6,15,0.0003467779999937193,3,b4d92484f601f3bbc8d67159fae7ba5317758574c543fc03b5ea571352bc97c9,0.0,1.1102230246251565e-16,exact_three_edge_colouring_construction,random_n10_seed3964253210,True,,,10,colourable,True,10
True,[],True,True,6,15,0.0003145129999211349,3,ee4b57ff1a5a1d5cfa6ed15d37caac60edd26f0d432474f5fc928b1996c29632,0.0,1.1102230246251565e-16,exact_three_edge_colouring_construction,random_n10_seed2598441421,True,,,6,colourable,True,10
True,[],True,True,6,15,0.0003055680000443317,3,d963d6f03fa599964f041bb0d14f89a6e0e2cf5b62acc260527dda12a15b5195,0.0,1.1102230246251565e-16,exact_three_edge_colouring_construction,random_n10_seed3014394680,True,,,6,colourable,True,10
True,[],True,True,6,15,0.00029975500001455657,3,bfe72250c096b4345269ceccd35fe5589830bcf626ebf0eb0cfec7f3daabf237,0.0,1.1102230246251565e-16,exact_three_edge_colouring_construction,random_n10_seed3596257905,True,,,6,colourable,True,10
True,[],True,True,6,15,0.00038412599997172947,3,94a944516c2b20a13d72224699173d270d3671aecfe24a6bfcb6a17428aa8054,0.0,1.1102230246251565e-16,exact_three_edge_colouring_construction,random_n10_seed1895642480,True,,,6,colourable,True,10
True,[],True,True,6,15,0.000496439000016835,3,271c177e6be41a11e5ba21e2643e286ca784c8d03f144b775a20e583d06566c1,0.0,1.1102230246251565e-16,exact_three_edge_colouring_construction,random_n10_seed514491298,True,,,9,colourable,True,10
True,[],True,True,6,15,0.0003722390000575615,2,67be5af7ca8b5fbda114bbaecd4d74eb7441f1a1444eb6e5a859002ab7005f0e,0.0,1.1102230246251565e-16,exact_three_edge_colouring_construction,random_n10_seed2708220378,True,,,6,colourable,True,10
True,[],True,True,6,15,0.0007364629999528916,3,c40d9242b1fe7062892cf6784d9003ad98851235c4fcf00afed7922c37ac3363,0.0,1.1102230246251565e-16,exact_three_edge_colouring_construction,random_n10_seed1733844970,True,,,9,colourable,True,10
True,[],True,True,6,15,0.0003627869999718314,3,6332ef6233f1b29c5a95573d56efe3201f188b82acc1451867b23aa83c42feae,0.0,1.1102230246251565e-16,exact_three_edge_colouring_construction,random_n10_seed527942522,True,,,6,colourable,True,10
True,[],True,True,6,15,0.00035489200001848076,3,de55f416f2cbe88b290651fa8e1d376848a4adead752f50c2aa9b9e71618cf94,0.0,1.1102230246251565e-16,exact_three_edge_colouring_construction,random_n10_seed3675203690,True,,,8,colourable,True,10
True,[],True,True,6,15,0.0004837640000232568,3,6dfe56f4279ed5eb231857c6923760d378ecc738ef2ed260cfa4022aee479eb8,0.0,1.1102230246251565e-16,exact_three_edge_colouring_construction,random_n10_seed2790586160,True,,,6,colourable,True,10
True,[],True,True,7,18,0.00045185599992692005,3,c5a53f69ffde06bd04e190a8b259471e1a54cbdeaca44e8f4e4139455cb43057,0.0,1.1102230246251565e-16,exact_three_edge_colouring_construction,random_n12_seed3727592994,True,,,7,colourable,True,12
True,[],True,True,7,18,0.0005731339999783813,3,267e30aaf3038fe2100da8e2c8db42242dc75b2b557ce16446c44d687bf4a448,0.0,1.1102230246251565e-16,exact_three_edge_colouring_construction,random_n12_seed3312382568,True,,,7,colourable,True,12
True,[],True,True,7,18,0.0005787129999816898,3,2296d0ee2d7c1b790fd04d9352f34a99423bb63a24a50284cf60dd8448b7b29a,0.0,1.1102230246251565e-16,exact_three_edge_colouring_construction,random_n12_seed1973526061,True,,,14,colourable,True,12
True,[],True,True,7,18,0.00039379099996494915,3,b12f94f56a41e79f9be521f509e740575723b568f5270ea6014131aa624a8a9b,0.0,1.1102230246251565e-16,exact_three_edge_colouring_construction,random_n12_seed3052633931,True,,,7,colourable,True,12
True,[],True,True,7,18,0.0003647979999641393,3,1c4c974eae6bd4071844eb45e23d86b77566e32de956e0fddb7f88eae223eb22,0.0,1.1102230246251565e-16,exact_three_edge_colouring_construction,random_n12_seed1622974997,True,,,7,colourable,True,12
True,[],True,True,7,18,0.0006124700000782468,3,dd38191eb103b2977563e674f7e3a9fa38e51823054ea5fd231fe54b38a3620c,0.0,1.1102230246251565e-16,exact_three_edge_colouring_construction,random_n12_seed1945552117,True,,,7,colourable,True,12
True,[],True,True,7,18,0.0004293150000194146,3,e405a783483c39c2e3e2c86a0fceca708d6ae893172a7e1c6af1c31988ac9adb,0.0,1.1102230246251565e-16,exact_three_edge_colouring_construction,random_n12_seed3461392514,True,,,7,colourable,True,12
True,[],True,True,7,18,0.0005902410000544478,3,6879e632933f31a1815e91a1766dcc293ca132fa44c2939921654202510f5fa0,0.0,1.1102230246251565e-16,exact_three_edge_colouring_construction,random_n12_seed3832507015,True,,,7,colourable,True,12
True,[],True,True,7,18,0.00042634999999791034,3,39838e812bedea0f88295672a655ac8056ae9b15cd39d754081d712a592d8466,0.0,1.1102230246251565e-16,exact_three_edge_colouring_construction,random_n12_seed2691807567,True,,,9,colourable,True,12
True,[],True,True,7,18,0.00045044299997698545,3,580500b6f6533ff83f212b9fe4b11717b0bdc230e92011f623165e3a455012dd,0.0,1.1102230246251565e-16,exact_three_edge_colouring_construction,random_n12_seed1007208143,True,,,7,colourable,True,12
True,[],True,True,7,18,0.0005694489999541474,3,ceb0659ab082332567fb44facad5c20a387b0f3f6d8393821146aa1ed6b714d1,0.0,1.1102230246251565e-16,exact_three_edge_colouring_construction,random_n12_seed978557583,True,,,9,colourable,True,12
True,[],True,True,7,18,0.00038471100003789616,3,8ed77c853c5bd22618d1e5ff8bc3db27e34e0b66660f56eeaf0ad6e2a093535a,0.0,1.1102230246251565e-16,exact_three_edge_colouring_construction,random_n12_seed671973846,True,,,7,colourable,True,12
True,[],True,True,7,18,0.0005319109999391003,3,1889b5363d1fa3c82c39c3ed173ad6a2bfec37331ffeee7e3263aaec58b49b3a,0.0,1.1102230246251565e-16,exact_three_edge_colouring_construction,random_n12_seed552833128,True,,,7,colourable,True,12
True,[],True,True,7,18,0.0007367969999449997,3,c36a0ba09066987ab912776a81b3fe7ebf423bfdc6deec6c40ec77be0e721fd6,0.0,1.1102230246251565e-16,exact_three_edge_colouring_construction,random_n12_seed200686288,True,,,11,colourable,True,12
True,[],True,True,7,18,0.0004345629999988887,3,11684034e3e35624da8865d0bdf0d8ffdd170f63dd2f5f95cc53ba63a8114e35,0.0,1.1102230246251565e-16,exact_three_edge_colouring_construction,random_n12_seed970889420,True,,,7,colourable,True,12
True,[],True,True,7,18,0.000502639999922394,3,b0a1f203bb57a27fcbdd6829f4f493d871411ae6748a6a74bc243cdecadcc6b8,0.0,1.1102230246251565e-16,exact_three_edge_colouring_construction,random_n12_seed3980942836,True,,,7,colourable,True,12
True,[],True,True,7,18,0.0005619519999982003,3,09c64447dc7f72367caf75cb0fd26d17ac0def36f2900bdb5a319dd78a40e259,0.0,1.1102230246251565e-16,exact_three_edge_colouring_construction,random_n12_seed2302381934,True,,,11,colourable,True,12
True,[],True,True,7,18,0.0007487320000336695,3,00998fa0cd5948466e197c00d88ffb12fecc9243febec312bbd85658c4fae549,0.0,1.1102230246251565e-16,exact_three_edge_colouring_construction,random_n12_seed2097778567,True,,,7,colourable,True,12
True,[],True,True,7,18,0.0004993199999034914,3,72dd06e04c36a6cecc6453b867949249fc9133e4fd6b8a669d893c4561657490,0.0,1.1102230246251565e-16,exact_three_edge_colouring_construction,random_n12_seed925246838,True,,,10,colourable,True,12
True,[],True,True,7,18,0.0004218330000185233,3,e7882d5f61aeca9c49032500411822fbcfbd41a7e3488cffa923d0fb866b26d2,0.0,1.1102230246251565e-16,exact_three_edge_colouring_construction,random_n12_seed1614065322,True,,,9,colourable,True,12
True,[],True,True,7,18,0.00035132199991494417,3,92d5f523bc9565067d8e39d327791c96e2067b70979a58103b1f55b47077ee2a,0.0,1.1102230246251565e-16,exact_three_edge_colouring_construction,random_n12_seed1417469412,True,,,7,colourable,True,12
True,[],True,True,7,18,0.00042866900002991315,3,ab57c19e574e4a1806b3ec2facfbe81eaf6c470b06cb90e0e551130472697967,0.0,1.1102230246251565e-16,exact_three_edge_colouring_construction,random_n12_seed1046345954,True,,,7,colourable,True,12
True,[],True,True,7,18,0.0004172369999650982,3,3de3d26a35846de3825905c736e1d384cf49e47ce148e5c97b48c151916f4633,0.0,1.1102230246251565e-16,exact_three_edge_colouring_construction,random_n12_seed2542581849,True,,,7,colourable,True,12
True,[],True,True,7,18,0.0003715829999464404,3,8309c2e1887dea26a25f80fda76a73225aba8ca091b37d39baf2e0ef9e7c0630,0.0,1.1102230246251565e-16,exact_three_edge_colouring_construction,random_n12_seed3008108783,True,,,9,colourable,True,12
True,[],True,True,7,18,0.0005536539999866363,3,7b1d3c138e3b7449ccc078dd27f94d2f9d60bc8bea935a11a604070af0a7633d,0.0,1.1102230246251565e-16,exact_three_edge_colouring_construction,random_n12_seed2396165520,True,,,7,colourable,True,12
True,[],True,True,7,18,0.000380858000085027,3,f802bafd936b63a73d61db6fe28dfef02bab5761f988a013615dc245e3348979,0.0,1.1102230246251565e-16,exact_three_edge_colouring_construction,random_n12_seed1520933412,True,,,7,colourable,True,12
True,[],True,True,7,18,0.0004688800000849369,3,8659d18e77dd9b5fe00b5834732f2343f3bbe1a7ebbbec3c37a30d1d0c5bb0ba,0.0,1.1102230246251565e-16,exact_three_edge_colouring_construction,random_n12_seed3351836280,True,,,14,colourable,True,12
True,[],True,True,7,18,0.00041591899991999526,3,3d3fb2f33be573766fa5ab0ed28fc3ec472a8cecb2b3394133b26cf78d521002,0.0,1.1102230246251565e-16,exact_three_edge_colouring_construction,random_n12_seed1764534678,True,,,7,colourable,True,12
True,[],True,True,7,18,0.0005049929999358937,3,45c0b8348f626a1e122847da42d0c9a9ee9a8d269ee527d56060899c707a2904,0.0,1.1102230246251565e-16,exact_three_edge_colouring_construction,random_n12_seed3386394996,True,,,7,colourable,True,12
True,[],True,True,7,18,0.0005459449999989374,3,43543aee6a5d00f34ab828089ccf5b395a082ffafa9c608bbf34abe104a7e63b,0.0,1.1102230246251565e-16,exact_three_edge_colouring_construction,random_n12_seed2244374226,True,,,7,colourable,True,12
True,[],True,True,8,21,0.0005768529999841121,3,55206c1c255166837627e9496d35144e4f99e2c744ec652be0d9dc96694b9833,0.0,1.1102230246251565e-16,exact_three_edge_colouring_construction,random_n14_seed3730710663,True,,,12,colourable,True,14
True,[],True,True,8,21,0.0008181570000260763,3,f8684756cd37d2fb57680af8bbb5b6899bbe7283f843bd3840b9d5533eb3f63d,0.0,1.1102230246251565e-16,exact_three_edge_colouring_construction,random_n14_seed2197644861,True,,,15,colourable,True,14
True,[],True,True,8,21,0.00048364199994921364,3,acd6f2d42f0327764c217616c2278c184de518d584c646ba481f70b6739a07be,0.0,1.1102230246251565e-16,exact_three_edge_colouring_construction,random_n14_seed2468135491,True,,,10,colourable,True,14
True,[],True,True,8,21,0.000554357000055461,3,c77b92d605e45d986898db54d43a57524dd46d34b285f50ec25803e22d75082a,0.0,1.1102230246251565e-16,exact_three_edge_colouring_construction,random_n14_seed2813027577,True,,,11,colourable,True,14
True,[],True,True,8,21,0.0006268509999927119,3,13fbb6479236dd68098eff39fd59ffa0118d85ee2890b8889539b11d7512be24,0.0,1.1102230246251565e-16,exact_three_edge_colouring_construction,random_n14_seed3088902530,True,,,8,colourable,True,14
True,[],True,True,8,21,0.0004920009999977992,3,d311f1b473f01af0222c5efa7adb3917b2a1a3dab3592badbf5fde369e30f83c,0.0,1.1102230246251565e-16,exact_three_edge_colouring_construction,random_n14_seed321767524,True,,,8,colourable,True,14
True,[],True,True,8,21,0.0005355990000452948,3,77c55cdba73064a6bf826d6ac8ffb7eb8fd7bccc5958b87a2ca4c5d92d733943,0.0,1.1102230246251565e-16,exact_three_edge_colouring_construction,random_n14_seed2541433193,True,,,8,colourable,True,14
True,[],True,True,8,21,0.000686048000034134,3,c2336654107e1263fd8887c2d87d89b0e1543875346877b41ee0148d53596407,0.0,1.1102230246251565e-16,exact_three_edge_colouring_construction,random_n14_seed513556859,True,,,10,colourable,True,14
True,[],True,True,8,21,0.0006900610000002416,3,d89f7a82e2e011c1650b32dac112fba44ba783c429efa15590e0176fb49263c2,0.0,1.1102230246251565e-16,exact_three_edge_colouring_construction,random_n14_seed978052062,True,,,19,colourable,True,14
True,[],True,True,8,21,0.0005411299999877883,3,b67c8b4091b5db84fc0ace2aa3f1ffd3fabb2e0540eaa64b46855f12aeb35a9e,0.0,1.1102230246251565e-16,exact_three_edge_colouring_construction,random_n14_seed637579873,True,,,8,colourable,True,14
True,[],True,True,8,21,0.00044333300002108444,3,c65adfc3b7c1840fc491e4a9e321307bd13eb8e4fcf48070ca790c07cbcc766e,0.0,1.1102230246251565e-16,exact_three_edge_colouring_construction,random_n14_seed1255052349,True,,,8,colourable,True,14
True,[],True,True,8,21,0.0005289030000312778,3,551100a5462d326d1c32bc4b401c5fea6612c3a3aec2eb25d2ff11af08d609b3,0.0,1.1102230246251565e-16,exact_three_edge_colouring_construction,random_n14_seed3698095206,True,,,8,colourable,True,14
True,[],True,True,8,21,0.0004931590000296637,3,c3f7c37efc5476f68424a692c056481f166644807ba115c8809710ff631bea4e,0.0,1.1102230246251565e-16,exact_three_edge_colouring_construction,random_n14_seed2333880411,True,,,14,colourable,True,14
True,[],True,True,8,21,0.00043608700002550904,3,858998f69a5394796702bc687cec5eb9fcde195df74dfdbd84c03f077c1ff01c,0.0,1.1102230246251565e-16,exact_three_edge_colouring_construction,random_n14_seed344921207,True,,,8,colourable,True,14
True,[],True,True,8,21,0.00041565100002571853,3,50adc34b662ecae77b556a6bd6ab3cfbc9a4d24fc038834c7a741c1cb41fa115,0.0,1.1102230246251565e-16,exact_three_edge_colouring_construction,random_n14_seed2509430241,True,,,8,colourable,True,14
True,[],True,True,8,21,0.0004107510000039838,3,02604e6d0bed2f23ce1ccd8d1737d0528d5a853a109683a9235f4c114b5c0f8d,0.0,1.1102230246251565e-16,exact_three_edge_colouring_construction,random_n14_seed450327398,True,,,10,colourable,True,14
True,[],True,True,8,21,0.0003883179999775166,3,b67dea8d5a793024cce642901bf763575872606d135b1b4237c72b17c68f05f5,0.0,1.1102230246251565e-16,exact_three_edge_colouring_construction,random_n14_seed3796565048,True,,,8,colourable,True,14
True,[],True,True,8,21,0.0005482420000362254,3,4281cceb77ddaf18c5124962eae1976d8ee0eddf2da7eb8ceea7b1f176d43c3a,0.0,1.1102230246251565e-16,exact_three_edge_colouring_construction,random_n14_seed916993047,True,,,11,colourable,True,14
True,[],True,True,8,21,0.00043671900004937925,3,b53799780f7689e7ebf75c31571a470cff7c445aa9e40323445671f4c8142b19,0.0,1.1102230246251565e-16,exact_three_edge_colouring_construction,random_n14_seed2302906139,True,,,8,colourable,True,14
True,[],True,True,8,21,0.0006088989999852856,3,8c2d0bba2c5b3d9c03cbd1bb78bc4af4675fc0c74db23dbc45bb6ccd89639ec6,0.0,1.1102230246251565e-16,exact_three_edge_colouring_construction,random_n14_seed2683552568,True,,,8,colourable,True,14
True,[],True,True,8,21,0.0004681880000134697,3,79a1e853b4672e6ea71dc438fd8bf18b942bda6ee48a7bce21b84a5ccf20817b,0.0,1.1102230246251565e-16,exact_three_edge_colouring_construction,random_n14_seed4233560641,True,,,8,colourable,True,14
True,[],True,True,8,21,0.0007030540000414476,3,c162e7afb21d546c258e3168a495f4749acaade5dcbd5da6da9ab776f7662e40,0.0,1.1102230246251565e-16,exact_three_edge_colouring_construction,random_n14_seed3301386215,True,,,17,colourable,True,14
True,[],True,True,8,21,0.000536851999981991,3,16307d3ec3cde503faef46ac32eeec63a28a30d9153132db38c643c10072949a,0.0,1.1102230246251565e-16,exact_three_edge_colouring_construction,random_n14_seed489591496,True,,,8,colourable,True,14
True,[],True,True,8,21,0.0005408839999745396,3,7001f2bfabf27f19ff6488b4fb15ab874da448da7492c1486c0af354140b372d,0.0,1.1102230246251565e-16,exact_three_edge_colouring_construction,random_n14_seed2907188157,True,,,8,colourable,True,14
True,[],True,True,8,21,0.0004729509998924186,3,322e9849b88309b1a1c6c6e0219ee1664bf49d2bb602834451f00d131568f6bb,0.0,1.1102230246251565e-16,exact_three_edge_colouring_construction,random_n14_seed2735163642,True,,,8,colourable,True,14
True,[],True,True,8,21,0.00043022799991376814,3,4db82d24b52136c6cd3eb0e49378cd856afab5f3f0005f79fcca30cd5f6f76b3,0.0,1.1102230246251565e-16,exact_three_edge_colouring_construction,random_n14_seed1768341257,True,,,8,colourable,True,14
True,[],True,True,8,21,0.0006053079999901456,3,81718d269199a338d77308d71d2bcbc6c3a58a4587c781c46421c1724c8468cc,0.0,1.1102230246251565e-16,exact_three_edge_colouring_construction,random_n14_seed918624515,True,,,8,colourable,True,14
True,[],True,True,8,21,0.0005363830000533198,3,3f7ff5816fa244557122eb2f134095e6ed888996c8cd66bcab1b8730ee1e4724,0.0,1.1102230246251565e-16,exact_three_edge_colouring_construction,random_n14_seed2335940940,True,,,8,colourable,True,14
True,[],True,True,8,21,0.0004920270000638993,3,c923816d2664df14c3a6d126abaaf6301993a5586aba9b98ecda1464b3356c1f,0.0,1.1102230246251565e-16,exact_three_edge_colouring_construction,random_n14_seed2925264202,True,,,11,colourable,True,14
True,[],True,True,8,21,0.00044726999999511463,3,b924739c72fb78ef22f5c8e7967ca1b6e7fd6e014648d77a95b223feef8504c9,0.0,1.1102230246251565e-16,exact_three_edge_colouring_construction,random_n14_seed3920509752,True,,,8,colourable,True,14
True,[],True,True,9,24,0.0005276680000179113,3,a86350df45a54ca65dcd8874a9173e0caa3f215c5020a2374ac6f25fb1961351,0.0,1.1102230246251565e-16,exact_three_edge_colouring_construction,random_n16_seed822567710,True,,,9,colourable,True,16
True,[],True,True,9,24,0.000656632000072932,3,e82bf97097327bfdd81c52e149c06ad6e7f7e9ca2db2d2d609cc8526accc074d,0.0,1.1102230246251565e-16,exact_three_edge_colouring_construction,random_n16_seed1952456780,True,,,9,colourable,True,16
True,[],True,True,9,24,0.0005909320000228035,3,b9521b37882189524874f938fb4e2887743ad80f74be3b85821c44e2ca371153,0.0,1.1102230246251565e-16,exact_three_edge_colouring_construction,random_n16_seed2653487674,True,,,20,colourable,True,16
True,[],True,True,9,24,0.0006694370000559502,3,2eebf3c0fe6def4f0633a28ddcc41547b33bb773cca12cdc7ae64d7b39a05b9d,0.0,1.1102230246251565e-16,exact_three_edge_colouring_construction,random_n16_seed4020282288,True,,,9,colourable,True,16
True,[],True,True,9,24,0.0005621849999215556,3,5154dd71aab13921294f5a928a5d6c3081f8db6a3f8bd051cba6e557790f803c,0.0,1.1102230246251565e-16,exact_three_edge_colouring_construction,random_n16_seed3523990103,True,,,14,colourable,True,16
True,[],True,True,9,24,0.0006213469999920562,3,20638e0bcd68fbfd0a3270cb687b655ed4ad622b44ca9b7a937be1a587ba8cfa,0.0,1.1102230246251565e-16,exact_three_edge_colouring_construction,random_n16_seed3453616754,True,,,9,colourable,True,16
True,[],True,True,9,24,0.000614728000073228,3,959bb0d31b28c4c63808c7adbd1105dbab22c89e40f862a0739967adc77a948e,0.0,1.1102230246251565e-16,exact_three_edge_colouring_construction,random_n16_seed782166203,True,,,9,colourable,True,16
True,[],True,True,9,24,0.0008035680000375578,3,80932c0adc0e01e2ddac3b64f5c235c216900516fc7ce28b8f4c6b8e4be8a3f1,0.0,1.1102230246251565e-16,exact_three_edge_colouring_construction,random_n16_seed1716859946,True,,,9,colourable,True,16
True,[],True,True,9,24,0.000490491000050497,3,fb28015ef234f9964e177e9e5ca6996b35d0acf2585923712d91495233168992,0.0,1.1102230246251565e-16,exact_three_edge_colouring_construction,random_n16_seed4166695697,True,,,9,colourable,True,16
True,[],True,True,9,24,0.0005448560000331781,3,b6683ff566173c21099f4fe016db411a987cc556fd440b2aa957707b39921c89,0.0,1.1102230246251565e-16,exact_three_edge_colouring_construction,random_n16_seed3619024849,True,,,17,colourable,True,16
True,[],True,True,9,24,0.0007690339999726348,3,0f2c9a231eedac6f8c85e5aab63b1fb0a4dcde6a3970a9e31a932442241a19ec,0.0,1.1102230246251565e-16,exact_three_edge_colouring_construction,random_n16_seed1327916182,True,,,24,colourable,True,16
True,[],True,True,9,24,0.0007052309999835416,3,ebf6a3975e76eb142cf13233986fceaaf74d6f1bde3e7e37bf207878a4bf748e,0.0,1.1102230246251565e-16,exact_three_edge_colouring_construction,random_n16_seed79431277,True,,,28,colourable,True,16
True,[],True,True,9,24,0.00043996299996251764,3,f9f1d4c531680f50dd096329d5361081f81584491994eaca05ace4020ac7cee7,0.0,1.1102230246251565e-16,exact_three_edge_colouring_construction,random_n16_seed1260661827,True,,,9,colourable,True,16
True,[],True,True,9,24,0.0005617269999902419,3,d07c20474ba107d0fcdc2ec735c1cbb9961a8ed7b18a140ca430e8a87b885a39,0.0,1.1102230246251565e-16,exact_three_edge_colouring_construction,random_n16_seed3534999334,True,,,17,colourable,True,16
True,[],True,True,9,24,0.0004817510000520997,3,6ce3f283dd39892ed60959219c7b0bd58ce6f93c5acba712888024ff130d4190,0.0,1.1102230246251565e-16,exact_three_edge_colouring_construction,random_n16_seed106720795,True,,,12,colourable,True,16
True,[],True,True,9,24,0.0005048419999411635,3,426e2648b3421032aa7d8526b57d2c1a22ec0b495143871c285e5b374b5b1bd8,0.0,1.1102230246251565e-16,exact_three_edge_colouring_construction,random_n16_seed1630879133,True,,,17,colourable,True,16
True,[],True,True,9,24,0.0005345600000055128,3,65f5147366dc2e3e5830c2062095ab3777daf0a92b4cbbbe37287afac4af19c4,0.0,1.1102230246251565e-16,exact_three_edge_colouring_construction,random_n16_seed3297200805,True,,,12,colourable,True,16
True,[],True,True,9,24,0.0005395659999294367,3,f32645e7a12af56aab1e68cc4cc90ce084de4f241f664a06c9a5428aba41a426,0.0,1.1102230246251565e-16,exact_three_edge_colouring_construction,random_n16_seed1462808900,True,,,9,colourable,True,16
True,[],True,True,9,24,0.001048980000064148,3,612d9b9bf0923bd63705d00259e37d3ae9f1060eb711005f2959ff9ab14ff022,0.0,1.1102230246251565e-16,exact_three_edge_colouring_construction,random_n16_seed2232935443,True,,,16,colourable,True,16
True,[],True,True,9,24,0.0007453830000940798,3,a881f8c21f5b2397f676ebe70bc25e642da19af0bd2e348c21f41c75272ea201,0.0,1.1102230246251565e-16,exact_three_edge_colouring_construction,random_n16_seed35045570,True,,,12,colourable,True,16
True,[],True,True,9,24,0.00048663699999451637,3,0cc2023f36ffadc26755ec26e5c0b272ba28e298c95c4f8070b4530f044f7b41,0.0,1.1102230246251565e-16,exact_three_edge_colouring_construction,random_n16_seed2650767501,True,,,9,colourable,True,16
True,[],True,True,9,24,0.0004990209999959916,3,73dda6b953e004219113581f1fd58faa658a97ac42af57f552f72b5ea30971e6,0.0,1.1102230246251565e-16,exact_three_edge_colouring_construction,random_n16_seed877713120,True,,,9,colourable,True,16
True,[],True,True,9,24,0.0004989319999140207,3,a6da3fbb7a05558b349de3cd2774c879795e098767d9412dfed7cec91c8e6f74,0.0,1.1102230246251565e-16,exact_three_edge_colouring_construction,random_n16_seed1161890067,True,,,11,colourable,True,16
True,[],True,True,9,24,0.0004967790000591776,3,b052c20d43bf5aeb1f853e9f35ae94832bb161f24f104ed44a73f0a9bdcf79f2,0.0,1.1102230246251565e-16,exact_three_edge_colouring_construction,random_n16_seed3434738118,True,,,12,colourable,True,16
True,[],True,True,9,24,0.0006149650000679685,3,1bb91b110ffdb461cc1ffdae1801a6cc1158b8cf02a14916c9cbe38406962559,0.0,1.1102230246251565e-16,exact_three_edge_colouring_construction,random_n16_seed4016115806,True,,,24,colourable,True,16
True,[],True,True,9,24,0.0004407139999784704,3,a4eb3c752321aca4a089272c5498fd3e68794b74046f2f2d20e50e2c8dbda27c,0.0,1.1102230246251565e-16,exact_three_edge_colouring_construction,random_n16_seed4105598788,True,,,9,colourable,True,16
True,[],True,True,9,24,0.0005129359999500593,3,57c17711cc1bed831ea93b8fcc3c57d4996534ee6240f3cb758a126ae1038d8a,0.0,1.1102230246251565e-16,exact_three_edge_colouring_construction,random_n16_seed3636529881,True,,,9,colourable,True,16
True,[],True,True,9,24,0.0006693960000347943,3,fca95d8a7af3083ecf58301408db8ef073f98c9c1b8f1846269db33729c21717,0.0,1.1102230246251565e-16,exact_three_edge_colouring_construction,random_n16_seed1216996181,True,,,15,colourable,True,16
True,[],True,True,9,24,0.0005628730000353244,3,02111a9ca50d1992af9ee5dd633bb4d40302c23f10ea1c67f2dc5d52d74cd3cb,0.0,1.1102230246251565e-16,exact_three_edge_colouring_construction,random_n16_seed3150078571,True,,,11,colourable,True,16
True,[],True,True,9,24,0.0010396390000551037,3,40a351d42ecd37fcb5baf5499a2cad067fdbba3c991c23318ce92d38f30c2c74,0.0,1.1102230246251565e-16,exact_three_edge_colouring_construction,random_n16_seed319648377,True,,,20,colourable,True,16
True,[],True,True,10,27,0.0007248450000361117,3,1e2a6138f7fbb481edf86fe4aa37c47787df45fc5f39686edaea7dd87af1bb40,0.0,1.1102230246251565e-16,exact_three_edge_colouring_construction,random_n18_seed2100182511,True,,,13,colourable,True,18
True,[],True,True,10,27,0.0005478209999409955,3,eb1e3cc9f90d67db5db4d0fbad7e1ca63c8caff4475c8e29c75b35cda1e9b39b,0.0,1.1102230246251565e-16,exact_three_edge_colouring_construction,random_n18_seed701784378,True,,,10,colourable,True,18
True,[],True,True,10,27,0.0007636669998873913,3,a05e6146f253480d5a86332bd6e967ad43f9642e75a225262ccda4ba34e8ed38,0.0,1.1102230246251565e-16,exact_three_edge_colouring_construction,random_n18_seed3056396000,True,,,13,colourable,True,18
True,[],True,True,10,27,0.0006793200000174693,3,610c763f75d86abddcba517459473b8c16c4017ae1588f0c3ac09682b564a7d5,0.0,1.1102230246251565e-16,exact_three_edge_colouring_construction,random_n18_seed37673429,True,,,14,colourable,True,18
True,[],True,True,10,27,0.000990239999964615,3,5889c8f99cce7097fbf1f4277ad7ddda2d3856622edea7fb299ae9d9123ca2d4,0.0,1.1102230246251565e-16,exact_three_edge_colouring_construction,random_n18_seed3621144573,True,,,13,colourable,True,18
True,[],True,True,10,27,0.0004904920000399215,3,bb50f5e168de32487d8860ea52bcc5489342828da245e1d930ed52f2089f0fe5,0.0,1.1102230246251565e-16,exact_three_edge_colouring_construction,random_n18_seed2665576880,True,,,10,colourable,True,18
True,[],True,True,10,27,0.001085195999962707,3,a81b57d679bf9565bda27c90e95837bc56dee88f84d2a4ef72ff4180463a5295,0.0,1.1102230246251565e-16,exact_three_edge_colouring_construction,random_n18_seed4242988688,True,,,34,colourable,True,18
True,[],True,True,10,27,0.0006625500000154716,3,dd2b6b729f5f02fe168cfbdc7e0a3a4a2d90ae1a8b69bf892da48356874f6477,0.0,1.1102230246251565e-16,exact_three_edge_colouring_construction,random_n18_seed3861460592,True,,,10,colourable,True,18
True,[],True,True,10,27,0.0006386300000258416,3,ff4798bbd7268b191aa219e1f599072b0043da7ee03baf9c203f38287f61da3d,0.0,1.1102230246251565e-16,exact_three_edge_colouring_construction,random_n18_seed2630701149,True,,,17,colourable,True,18
True,[],True,True,10,27,0.0008775679999644126,3,a2eb64adc3823101d648149d8c0ba8bce6eabf14ec2949e487d48207580e7aff,0.0,1.1102230246251565e-16,exact_three_edge_colouring_construction,random_n18_seed2718476453,True,,,10,colourable,True,18
True,[],True,True,10,27,0.0005579479999369141,3,4463b2bf1543298ad9710dd9aa1d8eba1d252690d93e93b3b09358025546503c,0.0,1.1102230246251565e-16,exact_three_edge_colouring_construction,random_n18_seed3870879869,True,,,13,colourable,True,18
True,[],True,True,10,27,0.0006647220000104426,3,4f678ceaa1d61dd368bb75efdc704836ab91692eccb96bfcdade181175544edc,0.0,1.1102230246251565e-16,exact_three_edge_colouring_construction,random_n18_seed929122807,True,,,10,colourable,True,18
True,[],True,True,10,27,0.0007133640000347441,3,61fe03775eac3c6954b646de474fe88406d9541d71b93d44bfb46e9b6ff1b229,0.0,1.1102230246251565e-16,exact_three_edge_colouring_construction,random_n18_seed889480792,True,,,13,colourable,True,18
True,[],True,True,10,27,0.0006608969999888359,3,04e054665fb1879b02614c98fce564b85709518a734d5e3b1be3d05053f89b8c,0.0,1.1102230246251565e-16,exact_three_edge_colouring_construction,random_n18_seed2500707598,True,,,19,colourable,True,18
True,[],True,True,10,27,0.0008006519999526063,3,70d0ee1ac8ff75f152317d2f1e3b02778e9d0a1b185ea7a3a95e3e6da45c1ae4,0.0,1.1102230246251565e-16,exact_three_edge_colouring_construction,random_n18_seed2155330936,True,,,13,colourable,True,18
True,[],True,True,10,27,0.0005117729999710718,3,8c1306491b441f69c709324179870b15b14d497ed8aaef1198972a5cb2e052f4,0.0,1.1102230246251565e-16,exact_three_edge_colouring_construction,random_n18_seed2929399773,True,,,10,colourable,True,18
True,[],True,True,10,27,0.0006042299999080569,3,c8a0dff9a1dfd5f9cbad1faa07c291e3593215d186839d0899185a880ab7512d,0.0,1.1102230246251565e-16,exact_three_edge_colouring_construction,random_n18_seed1498648773,True,,,10,colourable,True,18
True,[],True,True,10,27,0.0006522149999454996,3,a8352d1fe912e7f0505ae91e8e28e8164c2a5beb3c0b2ce8f1c61c26d14187bd,0.0,1.1102230246251565e-16,exact_three_edge_colouring_construction,random_n18_seed63065652,True,,,10,colourable,True,18
True,[],True,True,10,27,0.0007358999999951266,3,e918e4d5affbd9c3c37e4faa45e3836789a36e3a422c0cb6f4f59e95ed3d9cd2,0.0,1.1102230246251565e-16,exact_three_edge_colouring_construction,random_n18_seed1367000684,True,,,10,colourable,True,18
True,[],True,True,10,27,0.0007899119999592585,3,85e57ca70e769220c7f83ce7ff9e8bca56dd0dd74da63ce1d3147405565e619f,0.0,1.1102230246251565e-16,exact_three_edge_colouring_construction,random_n18_seed1499544878,True,,,13,colourable,True,18
True,[],True,True,10,27,0.0006279849999373255,3,8074bb55578a6dc2c6d75d725e24107079f5e38f1c40c2949adc7ebb39188093,0.0,1.1102230246251565e-16,exact_three_edge_colouring_construction,random_n18_seed838120738,True,,,13,colourable,True,18
True,[],True,True,10,27,0.0005558090000477023,3,a101999c010b4adabcbecb03e457fabfaac17420c8e58e9128cc675c988cbee7,0.0,1.1102230246251565e-16,exact_three_edge_colouring_construction,random_n18_seed181756927,True,,,13,colourable,True,18
True,[],True,True,10,27,0.018551416999912362,3,80a05b3c15aafc00e8ab89803a857fcde505e5f85e6f9b0b4cfc9ac4428d8cfc,1.4432899320127035e-15,1.990590359213229e-09,cycle_space_nonlinear_least_squares,random_n18_seed2515491800,True,3.9695501652859116e-17,34,79,not_colourable,True,18
True,[],True,True,10,27,0.0005345530000795407,3,187502974fb3ea1b291aa795ba7dc7743c2488ef9cc43b0966470f869d91d5de,0.0,1.1102230246251565e-16,exact_three_edge_colouring_construction,random_n18_seed729463799,True,,,10,colourable,True,18
True,[],True,True,10,27,0.0006389290000470282,3,4f4aa353fef497b682a862fb246ae763342dc34fddaa5639c281b15263b32dea,0.0,1.1102230246251565e-16,exact_three_edge_colouring_construction,random_n18_seed2931199525,True,,,13,colourable,True,18
True,[],True,True,10,27,0.0007863150000275709,3,bad4c062799d0696bc8235146cfe2f8609351681a0edbcd9ed5e41db55a8194f,0.0,1.1102230246251565e-16,exact_three_edge_colouring_construction,random_n18_seed2475221013,True,,,10,colourable,True,18
True,[],True,True,10,27,0.0007460210000544976,3,6512f302fe0d290dababd2d867305253d4137e84b5c9593de4c4bc5d1cab5250,0.0,1.1102230246251565e-16,exact_three_edge_colouring_construction,random_n18_seed355247915,True,,,33,colourable,True,18
True,[],True,True,10,27,0.0006700410000348711,3,61bfcad0a211e54d008b0782e9be969cd310e2f9bdfafb3ce8cd6ff66dfdc03f,0.0,1.1102230246251565e-16,exact_three_edge_colouring_construction,random_n18_seed2275089702,True,,,17,colourable,True,18
True,[],True,True,10,27,0.000717077999979665,3,327b36036d28d4d900ff77a76454ffa1f3e5e276ae0b6b7c30ee8221c321df11,0.0,1.1102230246251565e-16,exact_three_edge_colouring_construction,random_n18_seed3346596977,True,,,10,colourable,True,18
True,[],True,True,10,27,0.0007360570000400912,3,ef08f74f1f23de9b8876a7e3a2f9d391961eba922d0036beb7636a5c4c2b75ee,0.0,1.1102230246251565e-16,exact_three_edge_colouring_construction,random_n18_seed821412426,True,,,10,colourable,True,18
True,[],True,True,11,30,0.0012938410000060685,3,f8509b9303ba5334edcc612c4913a3da9b0442d39fc2946f4953dc3cc81eb5f0,0.0,1.1102230246251565e-16,exact_three_edge_colouring_construction,random_n20_seed2787378415,True,,,55,colourable,True,20
True,[],True,True,11,30,0.0008016880000241144,3,162a09c4738e1bd4f54bfd24e8119d4b9c1e3cfa76d32f129d437877e9db141c,0.0,1.1102230246251565e-16,exact_three_edge_colouring_construction,random_n20_seed1073473834,True,,,16,colourable,True,20
True,[],True,True,11,30,0.0005856319999111292,3,056634aec7aad9c4d76d526ffd836e3e8d4455e96694c32948b5348beffd5a54,0.0,1.1102230246251565e-16,exact_three_edge_colouring_construction,random_n20_seed1272910316,True,,,11,colourable,True,20
True,[],True,True,11,30,0.0005356210000400097,3,02af9d20f65cea1c35fb6abf8ffbce4cf3d4efa5ce1eac6d835195dfcd1d8331,0.0,1.1102230246251565e-16,exact_three_edge_colouring_construction,random_n20_seed122000874,True,,,11,colourable,True,20
True,[],True,True,11,30,0.0005157240000244201,3,cb9288ef3ff004dfd7c81e9d3d64662aeb9371fdfe0580d5c9925abf72c136b9,0.0,1.1102230246251565e-16,exact_three_edge_colouring_construction,random_n20_seed480821531,True,,,11,colourable,True,20
True,[],True,True,11,30,0.0008169379999571902,3,6b18500c4b255fbe49a4c97f67871b56df6d2b180d824ef1278f094cc11263ca,0.0,1.1102230246251565e-16,exact_three_edge_colouring_construction,random_n20_seed1833644282,True,,,11,colourable,True,20
True,[],True,True,11,30,0.0005594269999846802,3,ee50cde3cec2425b2be8018a70d4afa1c83a10675c47156385cf5c9981924fff,0.0,1.1102230246251565e-16,exact_three_edge_colouring_construction,random_n20_seed2984053432,True,,,11,colourable,True,20
True,[],True,True,11,30,0.000518499999998312,3,7d9103a88a057e80bce08bdb7f045c3afd5ec8c021b31a7d162335cb5f081b9c,0.0,1.1102230246251565e-16,exact_three_edge_colouring_construction,random_n20_seed1930268203,True,,,11,colourable,True,20
True,[],True,True,11,30,0.0008166220000020985,3,9b2fe2253d48ab0f6fab9169220c41c0e32329c87c7e95b3e90b2f4bca1af7b5,0.0,1.1102230246251565e-16,exact_three_edge_colouring_construction,random_n20_seed1937631741,True,,,18,colourable,True,20
True,[],True,True,11,30,0.0010248549999687384,3,70cf10e22ac1c8cd82c9a5b059e8e9679f5c92b26be8857fa0bf81d34acc9daf,0.0,1.1102230246251565e-16,exact_three_edge_colouring_construction,random_n20_seed2006991722,True,,,14,colourable,True,20
True,[],True,True,11,30,0.0007292239999969752,3,b484ea351062cda750bc7a07ba1330e7b7db063c881ba4f0e43916d1ada9f3aa,0.0,1.1102230246251565e-16,exact_three_edge_colouring_construction,random_n20_seed1516779538,True,,,17,colourable,True,20
True,[],True,True,11,30,0.0007059030000391431,3,1fba4583210c7ec4f039eb4c0d9b371641c69d05caa8830884b20a6bcad59359,0.0,1.1102230246251565e-16,exact_three_edge_colouring_construction,random_n20_seed482081599,True,,,11,colourable,True,20
True,[],True,True,11,30,0.0006881140000132291,3,adcf37825a620502b3978889bbf5a59a902c37cddd9b7276e864ac2ad1deb8b6,0.0,1.1102230246251565e-16,exact_three_edge_colouring_construction,random_n20_seed2003465247,True,,,14,colourable,True,20
True,[],True,True,11,30,0.0007303849999971135,3,3a8297e7588021cce4e4224217038bd8cbeba9e3274746bc54048554911edb97,0.0,1.1102230246251565e-16,exact_three_edge_colouring_construction,random_n20_seed1331381561,True,,,16,colourable,True,20
True,[],True,True,11,30,0.0011164649999955145,3,337581772608c4100ac19e61616c97283c3a3f12d8c946dd5041156c803f4812,0.0,1.1102230246251565e-16,exact_three_edge_colouring_construction,random_n20_seed2702892207,True,,,15,colourable,True,20
True,[],True,True,11,30,0.0008120200000121258,3,7c3fdeb24338371f28077c1d52acdca2f08f77082296e3605abd5b352ebd556e,0.0,1.1102230246251565e-16,exact_three_edge_colouring_construction,random_n20_seed3681098505,True,,,11,colourable,True,20
True,[],True,True,11,30,0.0005759399999760717,3,3f297d2ee703d2459b9bcf7b537cd36e7a5ccc1d2ca29d925353a0f8b6cf5786,0.0,1.1102230246251565e-16,exact_three_edge_colouring_construction,random_n20_seed3208315046,True,,,11,colourable,True,20
True,[],True,True,11,30,0.0005149490000349033,3,006eaac52a29427f9f00fa481285cd81821997e2189178e4bd40bbb07c36de78,0.0,1.1102230246251565e-16,exact_three_edge_colouring_construction,random_n20_seed1150747489,True,,,11,colourable,True,20
True,[],True,True,11,30,0.0007607610000377463,3,a237c3943bf826737f83fb80a67a7b77eb59ebad88cf46837e881dac52a4c3ea,0.0,1.1102230246251565e-16,exact_three_edge_colouring_construction,random_n20_seed2828915910,True,,,21,colourable,True,20
True,[],True,True,11,30,0.0005825050000112242,3,948c88b039e7343ae0346596f23fd1a099118167a14869a793a896574cb9dd47,0.0,1.1102230246251565e-16,exact_three_edge_colouring_construction,random_n20_seed3741552320,True,,,11,colourable,True,20
True,[],True,True,11,30,0.0006908880000082718,3,f58954eda1316ccb2a63764cdc87b1d66f935d2872f4c9a51a4a07c09699fc8b,0.0,1.1102230246251565e-16,exact_three_edge_colouring_construction,random_n20_seed3978366507,True,,,20,colourable,True,20
True,[],True,True,11,30,0.000860740000007354,3,086330755c299e213fa36f2919adf5b272cb38c200d292912c643b01d3328dc3,0.0,1.1102230246251565e-16,exact_three_edge_colouring_construction,random_n20_seed3470705839,True,,,16,colourable,True,20
True,[],True,True,11,30,0.0007520689999864771,3,88ecdb231723ae4bc29d93a83c8ed0bd8eb9d3bfa1b0c72fcee6a82d570de0ec,0.0,1.1102230246251565e-16,exact_three_edge_colouring_construction,random_n20_seed3448826068,True,,,11,colourable,True,20
True,[],True,True,11,30,0.0009884899999406116,3,d53923911c6aaa468f4eff0d749f592ae4e57f3e058d917f66f5371f5db7a6aa,0.0,1.1102230246251565e-16,exact_three_edge_colouring_construction,random_n20_seed1961773781,True,,,11,colourable,True,20
True,[],True,True,11,30,0.0006276640000351108,3,b3df716ecbcf2bd91597cba662aed0ee97bda164dd1edf83e3f8a919ae621df2,0.0,1.1102230246251565e-16,exact_three_edge_colouring_construction,random_n20_seed2331968878,True,,,17,colourable,True,20
True,[],True,True,11,30,0.0008273610000060216,3,fa8b8ab9077488a345cbe3224f5203ef402c04853151b852c42e65fec2bea1d1,0.0,1.1102230246251565e-16,exact_three_edge_colouring_construction,random_n20_seed2322440739,True,,,14,colourable,True,20
True,[],True,True,11,30,0.0007036410000864635,3,aa06fe21eb2d33edc4fc2fd52ccbb305698710291acbcd88c684fca636983a2b,0.0,1.1102230246251565e-16,exact_three_edge_colouring_construction,random_n20_seed3267707614,True,,,22,colourable,True,20
True,[],True,True,11,30,0.0005423029999747087,3,8e7710d2b7f8e0814ac365e4a70a4b0af77a1ffe76480e890e61135215f88f60,0.0,1.1102230246251565e-16,exact_three_edge_colouring_construction,random_n20_seed1825506228,True,,,11,colourable,True,20
True,[],True,True,11,30,0.0006070200000749537,3,73fc2d7df2c6278dff020968d57ab93d8712d3981534317f35e4ee5fbad14843,0.0,1.1102230246251565e-16,exact_three_edge_colouring_construction,random_n20_seed58439284,True,,,17,colourable,True,20
True,[],True,True,11,30,0.0007817360000217377,3,c85f1dd7a244587ffe47792ea16296e8dc197e7c3b660da99aa8adafdd07ed80,0.0,1.1102230246251565e-16,exact_three_edge_colouring_construction,random_n20_seed3125328017,True,,,11,colourable,True,20
True,[],True,True,13,36,0.0007483250000177577,3,148e9ae10cc5be4ac34447064f7216b5591f6d7db623f1d1d6bca113416d9548,0.0,1.1102230246251565e-16,exact_three_edge_colouring_construction,random_n24_seed3492532229,True,,,18,colourable,True,24
True,[],True,True,13,36,0.002033370000049217,3,c5c5ae6257be2a9e8e64fb84dceebb335eec3db3978e054e4243239fde824912,0.0,1.1102230246251565e-16,exact_three_edge_colouring_construction,random_n24_seed4143961965,True,,,72,colourable,True,24
True,[],True,True,13,36,0.0008918989999529003,3,7b943a9eef22dc2f58ffb64b5a1dbce3c80c49030715dbc800c9d2e42d876ab8,0.0,1.1102230246251565e-16,exact_three_edge_colouring_construction,random_n24_seed2912122389,True,,,13,colourable,True,24
True,[],True,True,13,36,0.0007826909999266718,3,a3bc4304923d1387ca8549003b98b3a3fc160c3dc554c285a2c9acb33c9b34d0,0.0,1.1102230246251565e-16,exact_three_edge_colouring_construction,random_n24_seed1197657113,True,,,16,colourable,True,24
True,[],True,True,13,36,0.0009388789999320579,3,340fd7b91cc2acd98ef6ccdbc46964e9ef44b249c6ff5b0d814dd5712ad1d587,0.0,1.1102230246251565e-16,exact_three_edge_colouring_construction,random_n24_seed4259606163,True,,,16,colourable,True,24
True,[],True,True,13,36,0.0007678590000068652,3,96fee79e7627d490020da10c0ca269ba54a0e2b44acc009bcb2ebdd9bf16931b,0.0,1.1102230246251565e-16,exact_three_edge_colouring_construction,random_n24_seed3692378261,True,,,13,colourable,True,24
True,[],True,True,13,36,0.0009539370000766212,3,6d636dcd596f762a41768500f8b96c036d4613470768bd347aab867cc88c8dfb,0.0,1.1102230246251565e-16,exact_three_edge_colouring_construction,random_n24_seed2431368703,True,,,13,colourable,True,24
True,[],True,True,13,36,0.0008695020000004661,3,b501386998f29600bc2d3718fcf5a45de7d377e5e15f7719c4276a95520d1155,0.0,1.1102230246251565e-16,exact_three_edge_colouring_construction,random_n24_seed1711584125,True,,,15,colourable,True,24
True,[],True,True,13,36,0.000716654999905586,3,6f0af8ad237b77f31fd185f64f2d870c7122d705ddc1260dec8deba1cd47c447,0.0,1.1102230246251565e-16,exact_three_edge_colouring_construction,random_n24_seed2192164792,True,,,16,colourable,True,24
True,[],True,True,13,36,0.0010511609999639404,3,44cfbb98e7288f0b16b879ea68989f9ded273d772bf9c8c1cb52bdedec90f4b8,0.0,1.1102230246251565e-16,exact_three_edge_colouring_construction,random_n24_seed781578047,True,,,38,colourable,True,24
True,[],True,True,13,36,0.0009064470000339497,3,3c59cabf9aaeea701171b3a2da099f31dff09bea628b02e0c2f7d18d1ca66a5b,0.0,1.1102230246251565e-16,exact_three_edge_colouring_construction,random_n24_seed2312575460,True,,,15,colourable,True,24
True,[],True,True,13,36,0.0009144620000824943,3,f3f9db4e0439f7cea7c94db892ae4af2fe4b0089d8134783cdc4f6507e43ff78,0.0,1.1102230246251565e-16,exact_three_edge_colouring_construction,random_n24_seed1804015247,True,,,13,colourable,True,24
True,[],True,True,13,36,0.0007106180000846507,3,e62274b0bacbbb97437e9d7ffcb0dd2164a781dadb4e6a2934709923b6e7b65b,0.0,1.1102230246251565e-16,exact_three_edge_colouring_construction,random_n24_seed3422542838,True,,,13,colourable,True,24
True,[],True,True,13,36,0.0007766469999523906,3,b7ec8b8e65738b21450d5f11b4c965cecb32abaf412e33ac1788dfa8911b1c03,0.0,1.1102230246251565e-16,exact_three_edge_colouring_construction,random_n24_seed2557140682,True,,,13,colourable,True,24
True,[],True,True,13,36,0.0009860790000857378,3,2bd9d747e5cd1436336f960c1043aecbed0223a585b41393592788f0b7846060,0.0,1.1102230246251565e-16,exact_three_edge_colouring_construction,random_n24_seed2019779745,True,,,19,colourable,True,24
True,[],True,True,13,36,0.0007634739999957674,3,9a2c299683dd0f6225e2ed2c0b3e2c39b8c9b6795d74a91ab11e972c3f66fda5,0.0,1.1102230246251565e-16,exact_three_edge_colouring_construction,random_n24_seed3230485125,True,,,13,colourable,True,24
True,[],True,True,13,36,0.0006860889999416031,3,1088d77c94f41376b9844f48e6de10aa468956df45b7ff2616b6632d0d20f27e,0.0,1.1102230246251565e-16,exact_three_edge_colouring_construction,random_n24_seed682629182,True,,,13,colourable,True,24
True,[],True,True,13,36,0.0009175980000009076,3,2227073c0e03f13cc37e5e1143a290619dc658c3cc83affbd425e1b7ce1308f9,0.0,1.1102230246251565e-16,exact_three_edge_colouring_construction,random_n24_seed673015100,True,,,13,colourable,True,24
True,[],True,True,13,36,0.0012380150000126378,3,b25861b9f665a9d5084cf1fd00fab63444715be6df5f27438a5954eda92b43e2,0.0,1.1102230246251565e-16,exact_three_edge_colouring_construction,random_n24_seed4153239416,True,,,24,colourable,True,24
True,[],True,True,13,36,0.000858519999951568,3,e3ecd82146e3084c4a0fd4bb86603f14674f22a4074f6b1016960ceee1be1d7e,0.0,1.1102230246251565e-16,exact_three_edge_colouring_construction,random_n24_seed2620874791,True,,,16,colourable,True,24
True,[],True,True,13,36,0.0009557669999367135,3,b9375cc806483b36ca3aac4250fe39b490b18bf614a5bd7e2fe6b50beaf99a9f,0.0,1.1102230246251565e-16,exact_three_edge_colouring_construction,random_n24_seed2046850421,True,,,22,colourable,True,24
True,[],True,True,13,36,0.0008302379999349796,3,7837fa1187e28a255754328bdc307dcb8e84da77cd55ea45ecbdaf1b7533a851,0.0,1.1102230246251565e-16,exact_three_edge_colouring_construction,random_n24_seed619707127,True,,,21,colourable,True,24
True,[],True,True,13,36,0.0009873699999616292,3,70f6ee83ea4e80bd2fe901fbc4ff958509c89180c41c89c04844062a13760c9a,0.0,1.1102230246251565e-16,exact_three_edge_colouring_construction,random_n24_seed4035835739,True,,,16,colourable,True,24
True,[],True,True,13,36,0.0007241509999857954,3,74748c64fcb538a1dc23bdfd0fd6db1bf20dcfabecf2c48ea18d60283d0e08e7,0.0,1.1102230246251565e-16,exact_three_edge_colouring_construction,random_n24_seed1879446333,True,,,13,colourable,True,24
True,[],True,True,13,36,0.0018398009999600617,3,783de1958e331098ddd5436e155619f32c8ece2d5098b6c5488aa6b48f6fa1d8,0.0,1.1102230246251565e-16,exact_three_edge_colouring_construction,random_n24_seed59235661,True,,,92,colourable,True,24
True,[],True,True,13,36,0.001103590999946391,3,fd5a12e58e54608e507980e5a7be696d0720dd4b669d75792fc11f148deabc2d,0.0,1.1102230246251565e-16,exact_three_edge_colouring_construction,random_n24_seed49597014,True,,,29,colourable,True,24
True,[],True,True,13,36,0.0012127889999646868,3,88243d181e114e95d68671a2ba596db824166250d1bb5bd9cb0db43862b95cfc,0.0,1.1102230246251565e-16,exact_three_edge_colouring_construction,random_n24_seed691118223,True,,,16,colourable,True,24
True,[],True,True,13,36,0.0010104019999062075,3,f89ae345b88824f66322b3b81fd994f77d7959262f285d0f525a2e27251693b9,0.0,1.1102230246251565e-16,exact_three_edge_colouring_construction,random_n24_seed4049098856,True,,,32,colourable,True,24
True,[],True,True,13,36,0.0007906659999434851,3,907b30b93d7d24efd38d64cea3e06a20cedb03b5f79385d367b43ce74ad6bc59,0.0,1.1102230246251565e-16,exact_three_edge_colouring_construction,random_n24_seed1650060220,True,,,20,colourable,True,24
True,[],True,True,13,36,0.000840293000010206,3,40f75c3ec46e016f357b9e18939af9888cbd2208cc32db69a85d26da5a2b7991,0.0,1.1102230246251565e-16,exact_three_edge_colouring_construction,random_n24_seed3228150954,True,,,19,colourable,True,24
True,[],True,True,16,45,0.0012804269999833195,3,8697b14309279ef02e19e572c942058a50b79dc996b6ec0bcf9dfe03d9b320fa,0.0,1.1102230246251565e-16,exact_three_edge_colouring_construction,random_n30_seed1239462206,True,,,29,colourable,True,30
True,[],True,True,16,45,0.005234276000010141,3,883db0b39874709c529961b30365f6d55a6dcfb31852590fab92aea8836f5f53,0.0,1.1102230246251565e-16,exact_three_edge_colouring_construction,random_n30_seed1875927402,True,,,215,colourable,True,30
True,[],True,True,16,45,0.0009064890000445303,3,0a2a467c0a7ef27c494f96d63db9a14413d78a06ec61ec329afd84d119f26f5b,0.0,1.1102230246251565e-16,exact_three_edge_colouring_construction,random_n30_seed4160034337,True,,,18,colourable,True,30
True,[],True,True,16,45,0.0013851049999402676,3,b664d4662ccc481e2acd195ea0736b37336f3ea7f908ff15adeeb587cdffb399,0.0,1.1102230246251565e-16,exact_three_edge_colouring_construction,random_n30_seed2630660129,True,,,16,colourable,True,30
True,[],True,True,16,45,0.0011557999999922686,3,959d5389580b8dddf7fc77a7b4941f7eaecbd67b082a24a2c539c351fcda33f1,0.0,1.1102230246251565e-16,exact_three_edge_colouring_construction,random_n30_seed1471015993,True,,,18,colourable,True,30
True,[],True,True,16,45,0.0012237619999950766,3,65b0a19e245b64b91faf07ce217258c8f5f587bf65bf2cbeef21c4654fa47ce3,0.0,1.1102230246251565e-16,exact_three_edge_colouring_construction,random_n30_seed484038510,True,,,27,colourable,True,30
True,[],True,True,16,45,0.0011040760000469163,3,615cc4d985880bf7ce8e5f2ef199ae503d5988ad1eded6fb8be04a0c85f72c46,0.0,1.1102230246251565e-16,exact_three_edge_colouring_construction,random_n30_seed837672733,True,,,18,colourable,True,30
True,[],True,True,16,45,0.0010842230000207564,3,eefec54a0f186509728081f1c96b5aba5449fa91248074d13989eac2ad31abc7,0.0,1.1102230246251565e-16,exact_three_edge_colouring_construction,random_n30_seed2343697238,True,,,26,colourable,True,30
True,[],True,True,16,45,0.0009031920000097671,3,ee85b8bbca36d2653d880c18734f59dbd5ed1cb66a39d2e986a80c1ccf11a3e9,0.0,1.1102230246251565e-16,exact_three_edge_colouring_construction,random_n30_seed3618725981,True,,,16,colourable,True,30
True,[],True,True,16,45,0.0009774740000239035,3,50e31be28d5f0e0fe760e7c7762358c4ac683c15b00a3dcf8d70dbb5a40a19b0,0.0,1.1102230246251565e-16,exact_three_edge_colouring_construction,random_n30_seed3489620422,True,,,20,colourable,True,30
True,[],True,True,16,45,0.0011938549999968018,3,6d41e8ec4bcd61705a0a5b7a996d8b544830d44b2aebdcbc2c300ea20e8b5877,0.0,1.1102230246251565e-16,exact_three_edge_colouring_construction,random_n30_seed3165502322,True,,,35,colourable,True,30
True,[],True,True,16,45,0.001129298000023482,3,d2e76793236741f0a90a165af512ae9d6d49d9c3eef6e4235f432c3b7642cac0,0.0,1.1102230246251565e-16,exact_three_edge_colouring_construction,random_n30_seed50400917,True,,,16,colourable,True,30
True,[],True,True,16,45,0.0009938630000760895,3,812a4125039f73c8b6cfa158e7fb6edf3bb09524ccd7e887fa9f7029223926ff,0.0,1.1102230246251565e-16,exact_three_edge_colouring_construction,random_n30_seed935994309,True,,,22,colourable,True,30
True,[],True,True,16,45,0.0012800019999303913,3,3a919768e447e62fbcec59cfe88032792c5621761a2cf4ee58e1e82ff5a6adb9,0.0,1.1102230246251565e-16,exact_three_edge_colouring_construction,random_n30_seed3931643708,True,,,16,colourable,True,30
True,[],True,True,16,45,0.0011835839999321252,3,b35097567f3610c354aede6e42e1e40740f5670122a85e982a80bfe876c629a6,0.0,1.1102230246251565e-16,exact_three_edge_colouring_construction,random_n30_seed1052002253,True,,,16,colourable,True,30
True,[],True,True,16,45,0.001144559000067602,3,3f4bec6ce52642d0fb288f310951e5cb0fc68c43e7362b46afbf63e4cdf47df7,0.0,1.1102230246251565e-16,exact_three_edge_colouring_construction,random_n30_seed3098214448,True,,,26,colourable,True,30
True,[],True,True,16,45,0.0013305449999734265,3,fc2993b18a80ab3252169bfde0cb930c64bde6ce2b78563e90e16d56928b0664,0.0,1.1102230246251565e-16,exact_three_edge_colouring_construction,random_n30_seed3497906633,True,,,28,colourable,True,30
True,[],True,True,16,45,0.001344999000025382,3,00dbd5f404636007d29017a884d9df2b24c3db18cf4a90444a93d5c4242b5b1e,0.0,1.1102230246251565e-16,exact_three_edge_colouring_construction,random_n30_seed2841753944,True,,,33,colourable,True,30
True,[],True,True,16,45,0.0028228300000137097,3,b531f86978ca1436c71938be79bc0699fe68bc9510e86ffec77f0272458c0e92,0.0,1.1102230246251565e-16,exact_three_edge_colouring_construction,random_n30_seed3089291543,True,,,96,colourable,True,30
True,[],True,True,16,45,0.002344000999983109,3,e1f4fd9b49a8232a08c02d7a209af71878b56b7047648065275ae47c14d76932,0.0,1.1102230246251565e-16,exact_three_edge_colouring_construction,random_n30_seed3209554484,True,,,77,colourable,True,30
True,[],True,True,16,45,0.0010202659999549724,3,6d20f03467d47c71899a036b7b0f6cfdcc0b7a732518de95566e14f927969af7,0.0,1.1102230246251565e-16,exact_three_edge_colouring_construction,random_n30_seed2481284369,True,,,24,colourable,True,30
True,[],True,True,16,45,0.0010149450000653815,3,ccc067e3f3b42b2396d5316ce4c198db66fdba23a395f11ef28a75ecea48cdc4,0.0,1.1102230246251565e-16,exact_three_edge_colouring_construction,random_n30_seed3010518806,True,,,24,colourable,True,30
True,[],True,True,16,45,0.0009461779999355713,3,d0206044a0a86357d2c2c6060193f39e0fa3e7ddf1ad38408dbc54e09f3897ad,0.0,1.1102230246251565e-16,exact_three_edge_colouring_construction,random_n30_seed4169279335,True,,,21,colourable,True,30
True,[],True,True,16,45,0.0013783460000240666,3,a870e030643471d23cab389f626a8dadded9cf08e1231dd23bb93b0a11d4f1c5,0.0,1.1102230246251565e-16,exact_three_edge_colouring_construction,random_n30_seed4225094333,True,,,31,colourable,True,30
True,[],True,True,16,45,0.0014889450000055149,3,232d1623d6d4c8f133d0df29b265f05836c6ea579ccdbaf80abab9fe22078e06,0.0,1.1102230246251565e-16,exact_three_edge_colouring_construction,random_n30_seed3335383923,True,,,29,colourable,True,30
True,[],True,True,16,45,0.0012319449999722565,3,f8169fa879a5753c6c6e1d6568ea1321112df436e52390263f816b5700a45ba9,0.0,1.1102230246251565e-16,exact_three_edge_colouring_construction,random_n30_seed3724965114,True,,,16,colourable,True,30
True,[],True,True,16,45,0.001487080999936552,3,1d55f0ba2706ea561bb2d5e29126d0e39e3b13464de33c84fd8d8553556ab722,0.0,1.1102230246251565e-16,exact_three_edge_colouring_construction,random_n30_seed2901093559,True,,,25,colourable,True,30
True,[],True,True,16,45,0.001148039999975481,3,4b956871e913f06f8ab1772f0b7e591042289d7f09621f2ec17f43872a53d17f,0.0,1.1102230246251565e-16,exact_three_edge_colouring_construction,random_n30_seed288647018,True,,,21,colourable,True,30
True,[],True,True,16,45,0.000978151000026628,3,2bb51dd49579e22fe8ca5ff5ba5de2c2bca36698ed49e883480ed9e057585a8c,0.0,1.1102230246251565e-16,exact_three_edge_colouring_construction,random_n30_seed3521166313,True,,,19,colourable,True,30
True,[],True,True,16,45,0.0013527639999892926,3,29cff5306b2120c5125bda8ed13f3f34746dd9d4183dcd63cb7dc103f7e77643,0.0,1.1102230246251565e-16,exact_three_edge_colouring_construction,random_n30_seed2899463329,True,,,16,colourable,True,30
True,[],True,True,21,60,0.0018297479999773714,3,4381a6d915a207a29041078e667c1f0f78a9821a37163091327228fd38f8f28f,0.0,1.1102230246251565e-16,exact_three_edge_colouring_construction,random_n40_seed810155926,True,,,23,colourable,True,40
True,[],True,True,21,60,0.0025564559999793346,3,1a21761b3609573265ad7d0dbc0f4802fcf6a906df5d457e39f38804c66de68f,0.0,1.1102230246251565e-16,exact_three_edge_colouring_construction,random_n40_seed1420319441,True,,,47,colourable,True,40
True,[],True,True,21,60,0.0018216209999764033,3,ecb133635f6a47536e6f860bf898dfde9acff73bfef0d10631bd4e27f382f8b1,0.0,1.1102230246251565e-16,exact_three_edge_colouring_construction,random_n40_seed3503637730,True,,,30,colourable,True,40
True,[],True,True,21,60,0.0013582130000031611,3,ac106b8519c212e44a74d76fb9c3ad1add5adb202db7c0e8d8eb9fa1d0faa2b8,0.0,1.1102230246251565e-16,exact_three_edge_colouring_construction,random_n40_seed1022822333,True,,,21,colourable,True,40
True,[],True,True,21,60,0.002170750000004773,3,0e5ca35528eaa2e0c549a46325d992b58762bbebf8a0351573b261bf2bdbb28f,0.0,1.1102230246251565e-16,exact_three_edge_colouring_construction,random_n40_seed2860083668,True,,,53,colourable,True,40
True,[],True,True,21,60,0.002544178000107422,3,e63fb0cfeea31837475cf236bbaf9550b67cfb81ab663ef814a6b07e3a747076,0.0,1.1102230246251565e-16,exact_three_edge_colouring_construction,random_n40_seed281340767,True,,,67,colourable,True,40
True,[],True,True,21,60,0.00210518400001547,3,c318e62ee1018636c0e7da0bb5fc04809defb6a98f27ada2c088c27fb7c42bb9,0.0,1.1102230246251565e-16,exact_three_edge_colouring_construction,random_n40_seed367782461,True,,,50,colourable,True,40
True,[],True,True,21,60,0.0013361049999502939,3,ce7d80d34c0f7c2804e98bb59c288877d5672a9685e5795ad9af1eed2dbe5b73,0.0,1.1102230246251565e-16,exact_three_edge_colouring_construction,random_n40_seed2990133750,True,,,24,colourable,True,40
True,[],True,True,21,60,0.0026476499999716907,3,6bf0aeac9f4b20978faeb672a373f358d1c7d3dde70d594d2583a25e23d481ec,0.0,1.1102230246251565e-16,exact_three_edge_colouring_construction,random_n40_seed3321112684,True,,,75,colourable,True,40
True,[],True,True,21,60,0.0014558010000200738,3,11dff1053481b8b34217e26b0987c8aff531fba3c75f3e5a64b6a01bedf2cc0f,0.0,1.1102230246251565e-16,exact_three_edge_colouring_construction,random_n40_seed3000333825,True,,,25,colourable,True,40
True,[],True,True,21,60,0.003686780000066392,3,276c8cd5c04012b4832181f21da329bc3e2b3008f1b4326b260d9a2db7aa84b9,0.0,1.1102230246251565e-16,exact_three_edge_colouring_construction,random_n40_seed686885781,True,,,136,colourable,True,40
True,[],True,True,21,60,0.0013262530000019979,3,ecdeac16aa0b80e7b8cdf6c72a94f6c913ceeced55112742a9a9fd48560d8183,0.0,1.1102230246251565e-16,exact_three_edge_colouring_construction,random_n40_seed935981109,True,,,23,colourable,True,40
True,[],True,True,21,60,0.0016950039999983346,3,8943244cdf934aee0eeafc9bf4ffb829f6cd64aaca34b1957a04979a4a90f00f,0.0,1.1102230246251565e-16,exact_three_edge_colouring_construction,random_n40_seed259847167,True,,,40,colourable,True,40
True,[],True,True,21,60,0.0014307619999271992,3,b5b97699b8be322240e57fc6967ad7fbb28d96276c1e496018ce38d898d9f37d,0.0,1.1102230246251565e-16,exact_three_edge_colouring_construction,random_n40_seed3874685176,True,,,26,colourable,True,40
True,[],True,True,21,60,0.0019578950000322948,3,1ba19af23c6bba675078f02caa323896de3e461d8797a664aa2d01b4dc3c40de,0.0,1.1102230246251565e-16,exact_three_edge_colouring_construction,random_n40_seed3647579905,True,,,26,colourable,True,40
True,[],True,True,21,60,0.0028962520000277436,3,de9f922cfdd80f760a7be9b7508eda88226fb9bae368ebf9cdf2050e4f8bef66,0.0,1.1102230246251565e-16,exact_three_edge_colouring_construction,random_n40_seed2243145306,True,,,88,colourable,True,40
True,[],True,True,21,60,0.0024724730000116324,3,20bbe83c7fb438f7bc129dc9e59efe8cf6dc59f57687fad22cb260408e4b1446,0.0,1.1102230246251565e-16,exact_three_edge_colouring_construction,random_n40_seed587268456,True,,,41,colourable,True,40
True,[],True,True,21,60,0.001420871999926021,3,5b504457287107448c7081733f69745972a4ffbe618be1ec14286e6ca5cf8a9f,0.0,1.1102230246251565e-16,exact_three_edge_colouring_construction,random_n40_seed531648136,True,,,21,colourable,True,40
True,[],True,True,21,60,0.0017603320000034728,3,766d0d24a3602d42ec6a852aea3acaf7281303e93d5bc5a7dadef38d4c98403e,0.0,1.1102230246251565e-16,exact_three_edge_colouring_construction,random_n40_seed1030869896,True,,,26,colourable,True,40
True,[],True,True,21,60,0.004738232000022435,3,3b6f7e4768b8fb4f88658555aac066f41ef0d867764f9fdffc3ccf340b526e35,0.0,1.1102230246251565e-16,exact_three_edge_colouring_construction,random_n40_seed1821107817,True,,,148,colourable,True,40
True,[],True,True,21,60,0.0012293239999507932,3,11cf53449512e594d9af901578fe5b69408b8e96f63107199ea4b858b6a9e8af,0.0,1.1102230246251565e-16,exact_three_edge_colouring_construction,random_n40_seed3679014831,True,,,21,colourable,True,40
True,[],True,True,21,60,0.0016365819999464293,3,e8025ac296f68faeb42392a71ee64163c8b47b4f42ae2fdf225726df1a1d14a9,0.0,1.1102230246251565e-16,exact_three_edge_colouring_construction,random_n40_seed2474002146,True,,,40,colourable,True,40
True,[],True,True,21,60,0.002464958000018669,3,39d8f248fc89599bd9eb13b675249c7a0a45b352be6299ebd2d5246e0bee720e,0.0,1.1102230246251565e-16,exact_three_edge_colouring_construction,random_n40_seed226252726,True,,,72,colourable,True,40
True,[],True,True,21,60,0.002689820000000509,3,69103cc5523f291dc64708232466cbf5a01b5c38c5f376636254abd4259f9dd8,0.0,1.1102230246251565e-16,exact_three_edge_colouring_construction,random_n40_seed338799528,True,,,71,colourable,True,40
True,[],True,True,21,60,0.002223906000040188,3,68e7590d72f2990d2d71a453078d994d64b454b270fc173328907d2727205828,0.0,1.1102230246251565e-16,exact_three_edge_colouring_construction,random_n40_seed1687617737,True,,,47,colourable,True,40
True,[],True,True,21,60,0.004186625999977878,3,a136e56c0d04dcd33c6fb516a70bbbbe764ca13a62f31da769749a34396314c1,0.0,1.1102230246251565e-16,exact_three_edge_colouring_construction,random_n40_seed275208963,True,,,133,colourable,True,40
True,[],True,True,21,60,0.0026970100000198727,3,0a1f56fc7f3d8ea7c1268947e4c3d8a13f7f1c52d459b1e2998ef6d868a1d270,0.0,1.1102230246251565e-16,exact_three_edge_colouring_construction,random_n40_seed921779889,True,,,68,colourable,True,40
True,[],True,True,21,60,0.001477630999943358,3,dface492012e05a865796949afce14ec2a3caceb7d2aa7a1786290c2f49a7bd7,0.0,1.1102230246251565e-16,exact_three_edge_colouring_construction,random_n40_seed2250774800,True,,,32,colourable,True,40
True,[],True,True,21,60,0.004661617000010665,3,5510754c85b14dae862e511e68a58e569ee9fbbb05cb39aff3bcdc50656bd260,0.0,1.1102230246251565e-16,exact_three_edge_colouring_construction,random_n40_seed3087562595,True,,,152,colourable,True,40
True,[],True,True,21,60,0.0017937300000312462,3,7e52c67d4d5332b9712ecb3dafc075971e6b372248323725baf32ef8a72a806d,0.0,1.1102230246251565e-16,exact_three_edge_colouring_construction,random_n40_seed2534447987,True,,,35,colourable,True,40
